[
  {
    "email": "info@halftimerentals.com",
    "business_name": "Halftime Rentals",
    "city": "Charlotte",
    "state": "North Carolina",
    "listing_url": "https://pottydirectory.com/north-carolina/charlotte/halftime-rentals",
    "phone": "+1 980-410-8463",
    "website": "https://www.halftimerentals.com/"
  },
  {
    "email": "info@rent-nomad.com",
    "business_name": "Nomad Rentals of Charlotte",
    "city": "Charlotte",
    "state": "North Carolina",
    "listing_url": "https://pottydirectory.com/north-carolina/charlotte/nomad-rentals-of-charlotte",
    "phone": "+1 704-900-9761",
    "website": "https://www.charlotteportapotty.com/"
  },
  {
    "email": "stylor@unitedrentals.com",
    "business_name": "United Rentals - Reliable Onsite Services",
    "city": "Charlotte",
    "state": "North Carolina",
    "listing_url": "https://pottydirectory.com/north-carolina/charlotte/united-rentals-reliable-onsite-services",
    "phone": "+1 704-252-5480",
    "website": "https://www.unitedrentals.com/locations/nc/charlotte/sanitation-rentals/88b%3Futm_source%3Dgoogle%26utm_medium%3Ddistrib%26utm_campaign%3Dyext"
  },
  {
    "email": "mblutcher@unitedrentals.com",
    "business_name": "United Rentals - Reliable Onsite Services",
    "city": "Charlotte",
    "state": "North Carolina",
    "listing_url": "https://pottydirectory.com/north-carolina/charlotte/united-rentals-reliable-onsite-services",
    "phone": "+1 704-252-5480",
    "website": "https://www.unitedrentals.com/locations/nc/charlotte/sanitation-rentals/88b%3Futm_source%3Dgoogle%26utm_medium%3Ddistrib%26utm_campaign%3Dyext"
  },
  {
    "email": "dseaman@unitedrentals.com",
    "business_name": "United Rentals - Reliable Onsite Services",
    "city": "Charlotte",
    "state": "North Carolina",
    "listing_url": "https://pottydirectory.com/north-carolina/charlotte/united-rentals-reliable-onsite-services",
    "phone": "+1 704-252-5480",
    "website": "https://www.unitedrentals.com/locations/nc/charlotte/sanitation-rentals/88b%3Futm_source%3Dgoogle%26utm_medium%3Ddistrib%26utm_campaign%3Dyext"
  },
  {
    "email": "sales@vikingdumpsters.com",
    "business_name": "Viking Thrones",
    "city": "Charlotte",
    "state": "North Carolina",
    "listing_url": "https://pottydirectory.com/north-carolina/charlotte/viking-thrones",
    "phone": "+1 704-269-4747",
    "website": "https://www.vikingdumpsters.com/viking-thrones"
  },
  {
    "email": "brooklyn@portabletoiletschamp.com",
    "business_name": "Portable Toilets Champ",
    "city": "Charlotte",
    "state": "North Carolina",
    "listing_url": "https://pottydirectory.com/north-carolina/charlotte/portable-toilets-champ",
    "phone": "+1 704-440-3491",
    "website": "https://portabletoiletschamp.com/location/portable-toilet-services-in-charlotte-your-comprehensive-guide"
  },
  {
    "email": "info@portabletoiletschamp.com",
    "business_name": "Portable Toilets Champ",
    "city": "Charlotte",
    "state": "North Carolina",
    "listing_url": "https://pottydirectory.com/north-carolina/charlotte/portable-toilets-champ",
    "phone": "+1 704-440-3491",
    "website": "https://portabletoiletschamp.com/location/portable-toilet-services-in-charlotte-your-comprehensive-guide"
  },
  {
    "email": "hello@cardinalrents.com",
    "business_name": "Cardinal Rents, LLC / A Prettier Potty",
    "city": "Unknown",
    "state": "North Carolina",
    "listing_url": "https://pottydirectory.com/north-carolina/unknown/cardinal-rents-llc-a-prettier-potty",
    "phone": "+1 704-968-6271",
    "website": "http://cardinalrents.com/"
  },
  {
    "email": "pwhittaker@aprettierpotty.com",
    "business_name": "Cardinal Rents, LLC / A Prettier Potty",
    "city": "Unknown",
    "state": "North Carolina",
    "listing_url": "https://pottydirectory.com/north-carolina/unknown/cardinal-rents-llc-a-prettier-potty",
    "phone": "+1 704-968-6271",
    "website": "http://cardinalrents.com/"
  },
  {
    "email": "service@nextdaypotty.com",
    "business_name": "Next Day Potty - Durham",
    "city": "Charlotte",
    "state": "North Carolina",
    "listing_url": "https://pottydirectory.com/north-carolina/charlotte/next-day-potty-durham",
    "phone": "+1 980-372-3724",
    "website": "https://www.nextdaypotty.com/"
  },
  {
    "email": "tservice@nextdaypotty.com",
    "business_name": "Next Day Potty - Durham",
    "city": "Charlotte",
    "state": "North Carolina",
    "listing_url": "https://pottydirectory.com/north-carolina/charlotte/next-day-potty-durham",
    "phone": "+1 980-372-3724",
    "website": "https://www.nextdaypotty.com/"
  },
  {
    "email": "hello@luxelavsnc.com",
    "business_name": "LuxeLavs",
    "city": "Unknown",
    "state": "North Carolina",
    "listing_url": "https://pottydirectory.com/north-carolina/unknown/luxelavs",
    "phone": "+1 704-669-8394",
    "website": "https://www.luxelavsnc.com/"
  },
  {
    "email": "hi@mystore.com",
    "business_name": "Faulkner's Royal Flush Inc.",
    "city": "Unknown",
    "state": "North Carolina",
    "listing_url": "https://pottydirectory.com/north-carolina/unknown/faulkner-s-royal-flush-inc",
    "phone": "+1 704-835-4557",
    "website": "https://faulkners-royal-flush.square.site/"
  },
  {
    "email": "info@gt1253.com",
    "business_name": "Ground Thunder Toilets Inc",
    "city": "Unknown",
    "state": "North Carolina",
    "listing_url": "https://pottydirectory.com/north-carolina/unknown/ground-thunder-toilets-inc",
    "phone": "+1 704-791-4624",
    "website": "https://groundthundernc.com/toilets/"
  },
  {
    "email": "ar@toitoiusa.com",
    "business_name": "TOI TOI USA",
    "city": "Unknown",
    "state": "North Carolina",
    "listing_url": "https://pottydirectory.com/north-carolina/unknown/toi-toi-usa",
    "phone": "+1 704-703-1840",
    "website": "https://toitoiusa.com/locations/porta-potty-rental-monroe-nc"
  },
  {
    "email": "lfenn@toitoiusa.com",
    "business_name": "TOI TOI USA",
    "city": "Unknown",
    "state": "North Carolina",
    "listing_url": "https://pottydirectory.com/north-carolina/unknown/toi-toi-usa",
    "phone": "+1 704-703-1840",
    "website": "https://toitoiusa.com/locations/porta-potty-rental-monroe-nc"
  },
  {
    "email": "jtankersley@toitoiusa.com",
    "business_name": "TOI TOI USA",
    "city": "Unknown",
    "state": "North Carolina",
    "listing_url": "https://pottydirectory.com/north-carolina/unknown/toi-toi-usa",
    "phone": "+1 704-703-1840",
    "website": "https://toitoiusa.com/locations/porta-potty-rental-monroe-nc"
  },
  {
    "email": "wbowser@willscot.com",
    "business_name": "WillScot",
    "city": "Charlotte",
    "state": "North Carolina",
    "listing_url": "https://pottydirectory.com/north-carolina/charlotte/willscot",
    "phone": "+1 704-921-2313",
    "website": "https://www.willscot.com/en/locations/north-carolina/charlotte-nc-modular%3Futm_source%3Dgoogle%26utm_medium%3Dorganic%26utm_campaign%3Dgbp-listing"
  },
  {
    "email": "dean.curry@willscot.com",
    "business_name": "WillScot",
    "city": "Charlotte",
    "state": "North Carolina",
    "listing_url": "https://pottydirectory.com/north-carolina/charlotte/willscot",
    "phone": "+1 704-921-2313",
    "website": "https://www.willscot.com/en/locations/north-carolina/charlotte-nc-modular%3Futm_source%3Dgoogle%26utm_medium%3Dorganic%26utm_campaign%3Dgbp-listing"
  },
  {
    "email": "nvizzare@willscot.com",
    "business_name": "WillScot",
    "city": "Charlotte",
    "state": "North Carolina",
    "listing_url": "https://pottydirectory.com/north-carolina/charlotte/willscot",
    "phone": "+1 704-921-2313",
    "website": "https://www.willscot.com/en/locations/north-carolina/charlotte-nc-modular%3Futm_source%3Dgoogle%26utm_medium%3Dorganic%26utm_campaign%3Dgbp-listing"
  },
  {
    "email": "khumphrey@sustainablewastemgmt.com",
    "business_name": "Sustainable Waste Management",
    "city": "Unknown",
    "state": "North Carolina",
    "listing_url": "https://pottydirectory.com/north-carolina/unknown/sustainable-waste-management",
    "phone": "+1 704-929-5408",
    "website": "http://www.sustainablewastemgmt.com/"
  },
  {
    "email": "info@sustainablewastemgmt.com",
    "business_name": "Sustainable Waste Management",
    "city": "Unknown",
    "state": "North Carolina",
    "listing_url": "https://pottydirectory.com/north-carolina/unknown/sustainable-waste-management",
    "phone": "+1 704-929-5408",
    "website": "http://www.sustainablewastemgmt.com/"
  },
  {
    "email": "contact@loftieloo.com",
    "business_name": "LoftieLoo",
    "city": "Unknown",
    "state": "North Carolina",
    "listing_url": "https://pottydirectory.com/north-carolina/unknown/loftieloo",
    "phone": "+1 714-809-1872",
    "website": "https://www.loftieloo.com/"
  },
  {
    "email": "info@grandrestrooms.com",
    "business_name": "Grand Restrooms",
    "city": "Clover",
    "state": "South Carolina",
    "listing_url": "https://pottydirectory.com/south-carolina/clover/grand-restrooms",
    "phone": "+1 803-628-7600",
    "website": "https://www.grandrestrooms.com/"
  },
  {
    "email": "sales@regalrestroomrentals.com",
    "business_name": "Regal Restroom Rentals",
    "city": "Mooresville",
    "state": "North Carolina",
    "listing_url": "https://pottydirectory.com/north-carolina/mooresville/regal-restroom-rentals",
    "phone": "+1 704-237-6704",
    "website": "https://regalrestroomrentals.com/"
  },
  {
    "email": "neeley@dellinger-inc.com",
    "business_name": "A Sani-Can",
    "city": "Denver",
    "state": "North Carolina",
    "listing_url": "https://pottydirectory.com/north-carolina/denver/a-sani-can",
    "phone": "+1 704-249-2625",
    "website": "http://asanican.com/%3Futm_campaign%3Dgbp%26utm_medium%3Dorganic%26utm_source%3Dgoogle"
  },
  {
    "email": "chuffman@asanican.com",
    "business_name": "A Sani-Can",
    "city": "Denver",
    "state": "North Carolina",
    "listing_url": "https://pottydirectory.com/north-carolina/denver/a-sani-can",
    "phone": "+1 704-249-2625",
    "website": "http://asanican.com/%3Futm_campaign%3Dgbp%26utm_medium%3Dorganic%26utm_source%3Dgoogle"
  },
  {
    "email": "vdellinger@asanican.com",
    "business_name": "A Sani-Can",
    "city": "Denver",
    "state": "North Carolina",
    "listing_url": "https://pottydirectory.com/north-carolina/denver/a-sani-can",
    "phone": "+1 704-249-2625",
    "website": "http://asanican.com/%3Futm_campaign%3Dgbp%26utm_medium%3Dorganic%26utm_source%3Dgoogle"
  },
  {
    "email": "m.marrapese@cox.net",
    "business_name": "United Site Services",
    "city": "Charlotte",
    "state": "North Carolina",
    "listing_url": "https://pottydirectory.com/north-carolina/charlotte/united-site-services",
    "phone": "+1 800-864-5387",
    "website": "https://www.unitedsiteservices.com/locations/north-carolina/charlotte/charlotte"
  },
  {
    "email": "ejbauch@hotmail.com",
    "business_name": "United Site Services",
    "city": "Charlotte",
    "state": "North Carolina",
    "listing_url": "https://pottydirectory.com/north-carolina/charlotte/united-site-services",
    "phone": "+1 800-864-5387",
    "website": "https://www.unitedsiteservices.com/locations/north-carolina/charlotte/charlotte"
  },
  {
    "email": "francine.valenzuela@gmail.com",
    "business_name": "United Site Services",
    "city": "Charlotte",
    "state": "North Carolina",
    "listing_url": "https://pottydirectory.com/north-carolina/charlotte/united-site-services",
    "phone": "+1 800-864-5387",
    "website": "https://www.unitedsiteservices.com/locations/north-carolina/charlotte/charlotte"
  },
  {
    "email": "contact@durhamportapotties.com",
    "business_name": "Durham Porta Potties LooBox",
    "city": "Durham",
    "state": "North Carolina",
    "listing_url": "https://pottydirectory.com/north-carolina/durham/durham-porta-potties-loobox",
    "phone": "+1 919-503-4438",
    "website": "https://durhamportapotties.com/"
  },
  {
    "email": "mobilethronesusa@gmail.com",
    "business_name": "Mobile Thrones Restroom Trailers",
    "city": "Durham",
    "state": "North Carolina",
    "listing_url": "https://pottydirectory.com/north-carolina/durham/mobile-thrones-restroom-trailers",
    "phone": "+1 919-886-6890",
    "website": "https://mobilethronesusa.com/"
  },
  {
    "email": "info@mobilethronesusa.com",
    "business_name": "Mobile Thrones Restroom Trailers",
    "city": "Durham",
    "state": "North Carolina",
    "listing_url": "https://pottydirectory.com/north-carolina/durham/mobile-thrones-restroom-trailers",
    "phone": "+1 919-886-6890",
    "website": "https://mobilethronesusa.com/"
  },
  {
    "email": "info@willenborgrentalservices.com",
    "business_name": "Willenborg Rental Services",
    "city": "Durham",
    "state": "North Carolina",
    "listing_url": "https://pottydirectory.com/north-carolina/durham/willenborg-rental-services",
    "phone": "+1 919-759-6285",
    "website": "https://willenborgrentalservices.com/"
  },
  {
    "email": "office@summeyportablerestrooms.com",
    "business_name": "Summey Portable Restrooms, LLC",
    "city": "Unknown",
    "state": "North Carolina",
    "listing_url": "https://pottydirectory.com/north-carolina/unknown/summey-portable-restrooms-llc",
    "phone": "+1 984-253-8293",
    "website": "https://www.summeysportable.com/"
  },
  {
    "email": "info@elegantjohns.com",
    "business_name": "Elegant Johns",
    "city": "Chapel Hill",
    "state": "North Carolina",
    "listing_url": "https://pottydirectory.com/north-carolina/chapel-hill/elegant-johns",
    "phone": "+1 919-578-6030",
    "website": "http://www.elegantjohns.com/"
  },
  {
    "email": "p2potties@gmail.com",
    "business_name": "P2 Potties, Inc",
    "city": "Unknown",
    "state": "North Carolina",
    "listing_url": "https://pottydirectory.com/north-carolina/unknown/p2-potties-inc",
    "phone": "+1 919-818-2780",
    "website": "https://p2potties.com/"
  },
  {
    "email": "kmanda@piedmontportables.com",
    "business_name": "Piedmont Portables",
    "city": "Burlington",
    "state": "North Carolina",
    "listing_url": "https://pottydirectory.com/north-carolina/burlington/piedmont-portables",
    "phone": "+1 800-918-8901",
    "website": "http://www.piedmontportables.com/"
  },
  {
    "email": "eschonem@piedmontportables.com",
    "business_name": "Piedmont Portables",
    "city": "Burlington",
    "state": "North Carolina",
    "listing_url": "https://pottydirectory.com/north-carolina/burlington/piedmont-portables",
    "phone": "+1 800-918-8901",
    "website": "http://www.piedmontportables.com/"
  },
  {
    "email": "jcarhart@piedmontportables.com",
    "business_name": "Piedmont Portables",
    "city": "Burlington",
    "state": "North Carolina",
    "listing_url": "https://pottydirectory.com/north-carolina/burlington/piedmont-portables",
    "phone": "+1 800-918-8901",
    "website": "http://www.piedmontportables.com/"
  },
  {
    "email": "contact@greensboroportapotties.com",
    "business_name": "Greensboro Porta Potty Rental | LooHub",
    "city": "Greensboro",
    "state": "North Carolina",
    "listing_url": "https://pottydirectory.com/north-carolina/greensboro/greensboro-porta-potty-rental-loohub",
    "phone": "+1 743-256-9427",
    "website": "https://greensboroportapotties.com/"
  },
  {
    "email": "b.young@abportabletoilets.com",
    "business_name": "A & B Portable Toilets, Inc.",
    "city": "Greensboro",
    "state": "North Carolina",
    "listing_url": "https://pottydirectory.com/north-carolina/greensboro/a-b-portable-toilets-inc",
    "phone": "+1 336-421-2076",
    "website": "https://www.abportabletoilets.com/"
  },
  {
    "email": "aandbportabletoilets@triad.rr.com",
    "business_name": "A & B Portable Toilets, Inc.",
    "city": "Greensboro",
    "state": "North Carolina",
    "listing_url": "https://pottydirectory.com/north-carolina/greensboro/a-b-portable-toilets-inc",
    "phone": "+1 336-421-2076",
    "website": "https://www.abportabletoilets.com/"
  },
  {
    "email": "ayoung@abportabletoilets.com",
    "business_name": "A & B Portable Toilets, Inc.",
    "city": "Greensboro",
    "state": "North Carolina",
    "listing_url": "https://pottydirectory.com/north-carolina/greensboro/a-b-portable-toilets-inc",
    "phone": "+1 336-421-2076",
    "website": "https://www.abportabletoilets.com/"
  },
  {
    "email": "info@eichnerrentalservices.com",
    "business_name": "Eichner Rental Services",
    "city": "Raleigh",
    "state": "North Carolina",
    "listing_url": "https://pottydirectory.com/north-carolina/raleigh/eichner-rental-services",
    "phone": "+1 919-893-0682",
    "website": "https://eichnerrentalservices.com/"
  },
  {
    "email": "info@proportapottyrental.com",
    "business_name": "Porta Potty Rentals of Raleigh",
    "city": "Raleigh",
    "state": "North Carolina",
    "listing_url": "https://pottydirectory.com/north-carolina/raleigh/porta-potty-rentals-of-raleigh",
    "phone": "+1 916-232-6092",
    "website": "https://proportapottyrental.com/locations/raleigh-nc"
  },
  {
    "email": "contact@sansoxygen.com",
    "business_name": "Posh Potty and Events",
    "city": "Unknown",
    "state": "North Carolina",
    "listing_url": "https://pottydirectory.com/north-carolina/unknown/posh-potty-and-events",
    "phone": "+1 919-696-0188",
    "website": "https://poshpottyandevents.com/"
  },
  {
    "email": "typesetit@att.net",
    "business_name": "Posh Potty and Events",
    "city": "Unknown",
    "state": "North Carolina",
    "listing_url": "https://pottydirectory.com/north-carolina/unknown/posh-potty-and-events",
    "phone": "+1 919-696-0188",
    "website": "https://poshpottyandevents.com/"
  },
  {
    "email": "info@poshpottyandevents.com",
    "business_name": "Posh Potty and Events",
    "city": "Unknown",
    "state": "North Carolina",
    "listing_url": "https://pottydirectory.com/north-carolina/unknown/posh-potty-and-events",
    "phone": "+1 919-696-0188",
    "website": "https://poshpottyandevents.com/"
  },
  {
    "email": "b.james@advancedportabletoiletsnc.com",
    "business_name": "Advanced Portable Toilets",
    "city": "Rocky Mount",
    "state": "North Carolina",
    "listing_url": "https://pottydirectory.com/north-carolina/rocky-mount/advanced-portable-toilets",
    "phone": "+1 252-443-3670",
    "website": "https://www.advancedportabletoiletsnc.com/"
  },
  {
    "email": "jmcgi@foreverclean.com",
    "business_name": "Forever Clean",
    "city": "Fuquay-Varina",
    "state": "North Carolina",
    "listing_url": "https://pottydirectory.com/north-carolina/fuquay-varina/forever-clean",
    "phone": "+1 919-552-0200",
    "website": "https://www.foreverclean.com/"
  },
  {
    "email": "jnorm@foreverclean.com",
    "business_name": "Forever Clean",
    "city": "Fuquay-Varina",
    "state": "North Carolina",
    "listing_url": "https://pottydirectory.com/north-carolina/fuquay-varina/forever-clean",
    "phone": "+1 919-552-0200",
    "website": "https://www.foreverclean.com/"
  },
  {
    "email": "msynn@foreverclean.com",
    "business_name": "Forever Clean",
    "city": "Fuquay-Varina",
    "state": "North Carolina",
    "listing_url": "https://pottydirectory.com/north-carolina/fuquay-varina/forever-clean",
    "phone": "+1 919-552-0200",
    "website": "https://www.foreverclean.com/"
  },
  {
    "email": "info@bigyellowservice.com",
    "business_name": "Big Yellow Services, LLC",
    "city": "Raleigh",
    "state": "North Carolina",
    "listing_url": "https://pottydirectory.com/north-carolina/raleigh/big-yellow-services-llc",
    "phone": "+1 919-321-9305",
    "website": "https://bigyellowservice.com/"
  },
  {
    "email": "alex@gowasteaway.com",
    "business_name": "WasteAway Site Services",
    "city": "Mebane",
    "state": "North Carolina",
    "listing_url": "https://pottydirectory.com/north-carolina/mebane/wasteaway-site-services",
    "phone": "+1 919-621-9111",
    "website": "https://gowasteaway.com/"
  },
  {
    "email": "service@gowasteaway.com",
    "business_name": "WasteAway Site Services",
    "city": "Mebane",
    "state": "North Carolina",
    "listing_url": "https://pottydirectory.com/north-carolina/mebane/wasteaway-site-services",
    "phone": "+1 919-621-9111",
    "website": "https://gowasteaway.com/"
  },
  {
    "email": "michael@wasteawaync.com",
    "business_name": "WasteAway Site Services",
    "city": "Mebane",
    "state": "North Carolina",
    "listing_url": "https://pottydirectory.com/north-carolina/mebane/wasteaway-site-services",
    "phone": "+1 919-621-9111",
    "website": "https://gowasteaway.com/"
  },
  {
    "email": "info@royalrestroomscarolinas.com",
    "business_name": "Restroom Trailer Solutions",
    "city": "Lumberton",
    "state": "North Carolina",
    "listing_url": "https://pottydirectory.com/north-carolina/lumberton/restroom-trailer-solutions",
    "phone": "+1 919-341-6737",
    "website": "http://www.restroomtrailersolutions.com/"
  },
  {
    "email": "sales@restroomtrailersolutions.com",
    "business_name": "Restroom Trailer Solutions",
    "city": "Lumberton",
    "state": "North Carolina",
    "listing_url": "https://pottydirectory.com/north-carolina/lumberton/restroom-trailer-solutions",
    "phone": "+1 919-341-6737",
    "website": "http://www.restroomtrailersolutions.com/"
  },
  {
    "email": "ross@restroomtrailersolutions.com",
    "business_name": "Restroom Trailer Solutions",
    "city": "Lumberton",
    "state": "North Carolina",
    "listing_url": "https://pottydirectory.com/north-carolina/lumberton/restroom-trailer-solutions",
    "phone": "+1 919-341-6737",
    "website": "http://www.restroomtrailersolutions.com/"
  },
  {
    "email": "ryan@triadrestroomrentals.com",
    "business_name": "Triad Restroom Rentals",
    "city": "Unknown",
    "state": "North Carolina",
    "listing_url": "https://pottydirectory.com/north-carolina/unknown/triad-restroom-rentals",
    "phone": "+1 336-421-2076",
    "website": "https://www.triadrestroomrentals.com/"
  },
  {
    "email": "services@abportabletoilets.com",
    "business_name": "Triad Restroom Rentals",
    "city": "Unknown",
    "state": "North Carolina",
    "listing_url": "https://pottydirectory.com/north-carolina/unknown/triad-restroom-rentals",
    "phone": "+1 336-421-2076",
    "website": "https://www.triadrestroomrentals.com/"
  },
  {
    "email": "info@tootheloo.com",
    "business_name": "Too The Loo, LLC",
    "city": "Unknown",
    "state": "North Carolina",
    "listing_url": "https://pottydirectory.com/north-carolina/unknown/too-the-loo-llc",
    "phone": "+1 336-860-8904",
    "website": "https://www.tootheloo.com/"
  },
  {
    "email": "j.gibson@64portables.com",
    "business_name": "64 Portables, Inc.",
    "city": "Lexington",
    "state": "North Carolina",
    "listing_url": "https://pottydirectory.com/north-carolina/lexington/64-portables-inc",
    "phone": "+1 336-474-1436",
    "website": "https://64portables.com/"
  },
  {
    "email": "ambroisepartyrentalscorp@gmail.com",
    "business_name": "Ambroise Party Rentals",
    "city": "Unknown",
    "state": "North Carolina",
    "listing_url": "https://pottydirectory.com/north-carolina/unknown/ambroise-party-rentals",
    "phone": "+1 984-245-9641",
    "website": "http://www.ambroisepartyrentals.square.site/"
  },
  {
    "email": "jennpiorkowski@gmail.com",
    "business_name": "Portable Restroom Trailers, LLC",
    "city": "Lake Wylie",
    "state": "South Carolina",
    "listing_url": "https://pottydirectory.com/south-carolina/lake-wylie/portable-restroom-trailers-llc",
    "phone": "+1 803-810-2924",
    "website": "https://www.portablerestroomtrailers.com/"
  },
  {
    "email": "info@portablerestroomtrailers.com",
    "business_name": "Portable Restroom Trailers, LLC",
    "city": "Lake Wylie",
    "state": "South Carolina",
    "listing_url": "https://pottydirectory.com/south-carolina/lake-wylie/portable-restroom-trailers-llc",
    "phone": "+1 803-810-2924",
    "website": "https://www.portablerestroomtrailers.com/"
  },
  {
    "email": "stephen@portablerestroomtrailers.com",
    "business_name": "Portable Restroom Trailers, LLC",
    "city": "Lake Wylie",
    "state": "South Carolina",
    "listing_url": "https://pottydirectory.com/south-carolina/lake-wylie/portable-restroom-trailers-llc",
    "phone": "+1 803-810-2924",
    "website": "https://www.portablerestroomtrailers.com/"
  },
  {
    "email": "info@theplushflush.com",
    "business_name": "The Plush Flush",
    "city": "Unknown",
    "state": "North Carolina",
    "listing_url": "https://pottydirectory.com/north-carolina/unknown/the-plush-flush",
    "phone": "+1 704-574-9421",
    "website": "http://www.theplushflush.com/"
  },
  {
    "email": "koehler1142@aol.com",
    "business_name": "Capital Waste",
    "city": "Mooresville",
    "state": "North Carolina",
    "listing_url": "https://pottydirectory.com/north-carolina/mooresville/capital-waste",
    "phone": "+1 336-648-8808",
    "website": "https://capitalwastetrash.com/%3Futm_source%3Domg-gbp%26utm_medium%3Dwebclick"
  },
  {
    "email": "office@capitalwastetrash.com",
    "business_name": "Capital Waste",
    "city": "Mooresville",
    "state": "North Carolina",
    "listing_url": "https://pottydirectory.com/north-carolina/mooresville/capital-waste",
    "phone": "+1 336-648-8808",
    "website": "https://capitalwastetrash.com/%3Futm_source%3Domg-gbp%26utm_medium%3Dwebclick"
  },
  {
    "email": "jnkcenterprises@gmail.com",
    "business_name": "JNKC Portables and Backflow testing - Statesville",
    "city": "Statesville",
    "state": "North Carolina",
    "listing_url": "https://pottydirectory.com/north-carolina/statesville/jnkc-portables-and-backflow-testing-statesville",
    "phone": "+1 980-248-3952",
    "website": "http://www.jnkcportables.com/"
  },
  {
    "email": "info@lavish-loo.com",
    "business_name": "Lavish Loo, LLC",
    "city": "Unknown",
    "state": "North Carolina",
    "listing_url": "https://pottydirectory.com/north-carolina/unknown/lavish-loo-llc",
    "phone": "+1 704-251-5059",
    "website": "http://www.lavish-loo.com/"
  },
  {
    "email": "theresa0353@att.net",
    "business_name": "New Life 2 Septic & Rent-A-Jon",
    "city": "Unknown",
    "state": "North Carolina",
    "listing_url": "https://pottydirectory.com/north-carolina/unknown/new-life-2-septic-rent-a-jon",
    "phone": "+1 336-699-3868",
    "website": "http://www.newlifesepticandjons.com/"
  },
  {
    "email": "service@transous.com",
    "business_name": "Transou's Septic Tank Service & Rent-A-Jon",
    "city": "High Point",
    "state": "North Carolina",
    "listing_url": "https://pottydirectory.com/north-carolina/high-point/transou-s-septic-tank-service-rent-a-jon",
    "phone": "+1 336-331-5712",
    "website": "https://www.transousseptic.com/"
  },
  {
    "email": "info@comersanitary.com",
    "business_name": "Comer Sanitary Service, Inc",
    "city": "Thomasville",
    "state": "North Carolina",
    "listing_url": "https://pottydirectory.com/north-carolina/thomasville/comer-sanitary-service-inc",
    "phone": "+1 336-249-6920",
    "website": "https://www.comersanitary.com/"
  },
  {
    "email": "kevinlong@piedmontdisposal.com",
    "business_name": "Piedmont Disposal",
    "city": "Winston-Salem",
    "state": "North Carolina",
    "listing_url": "https://pottydirectory.com/north-carolina/winston-salem/piedmont-disposal",
    "phone": "+1 336-777-8805",
    "website": "https://www.piedmontdisposal.com/"
  },
  {
    "email": "long@piedmontdisposal.com",
    "business_name": "Piedmont Disposal",
    "city": "Winston-Salem",
    "state": "North Carolina",
    "listing_url": "https://pottydirectory.com/north-carolina/winston-salem/piedmont-disposal",
    "phone": "+1 336-777-8805",
    "website": "https://www.piedmontdisposal.com/"
  },
  {
    "email": "info@piedmontdisposal.com",
    "business_name": "Piedmont Disposal",
    "city": "Winston-Salem",
    "state": "North Carolina",
    "listing_url": "https://pottydirectory.com/north-carolina/winston-salem/piedmont-disposal",
    "phone": "+1 336-777-8805",
    "website": "https://www.piedmontdisposal.com/"
  },
  {
    "email": "micah@micahrich.com",
    "business_name": "B&G Solutions of NC",
    "city": "Unknown",
    "state": "North Carolina",
    "listing_url": "https://pottydirectory.com/north-carolina/unknown/b-g-solutions-of-nc",
    "phone": "+1 336-688-7225",
    "website": "http://bgrestrooms.com/"
  },
  {
    "email": "hello@projectoutpour.org",
    "business_name": "Project Outpour",
    "city": "Charlotte",
    "state": "North Carolina",
    "listing_url": "https://pottydirectory.com/north-carolina/charlotte/project-outpour",
    "phone": "+1 704-275-5540",
    "website": "https://projectoutpour.org/contact-us/"
  },
  {
    "email": "dianak@rowanedc.com",
    "business_name": "Rowan Septic Tank & Ditching Co Inc",
    "city": "Salisbury",
    "state": "North Carolina",
    "listing_url": "https://pottydirectory.com/north-carolina/salisbury/rowan-septic-tank-ditching-co-inc",
    "phone": "+1 704-633-2412",
    "website": "http://www.rowanseptictank.com/"
  },
  {
    "email": "rowanseptictanka@bellsouth.net",
    "business_name": "Rowan Septic Tank & Ditching Co Inc",
    "city": "Salisbury",
    "state": "North Carolina",
    "listing_url": "https://pottydirectory.com/north-carolina/salisbury/rowan-septic-tank-ditching-co-inc",
    "phone": "+1 704-633-2412",
    "website": "http://www.rowanseptictank.com/"
  },
  {
    "email": "amkryukov@gmail.com",
    "business_name": "Full Service Septic",
    "city": "Salisbury",
    "state": "North Carolina",
    "listing_url": "https://pottydirectory.com/north-carolina/salisbury/full-service-septic",
    "phone": "+1 704-224-4199",
    "website": "http://www.fullserviceseptic.com/"
  },
  {
    "email": "fullserviceseptic@gmail.com",
    "business_name": "Full Service Septic",
    "city": "Salisbury",
    "state": "North Carolina",
    "listing_url": "https://pottydirectory.com/north-carolina/salisbury/full-service-septic",
    "phone": "+1 704-224-4199",
    "website": "http://www.fullserviceseptic.com/"
  },
  {
    "email": "forrest@containerstorage.com",
    "business_name": "The Container Store",
    "city": "Charlotte",
    "state": "North Carolina",
    "listing_url": "https://pottydirectory.com/north-carolina/charlotte/the-container-store",
    "phone": "+1 704-512-0260",
    "website": "https://www.containerstore.com/stores/nc/charlotte/4345-barclay-downs-dr%3Fcid%3Dns:maps:google:main-store:57-CHR"
  },
  {
    "email": "p.jouganatos@containerusa.com",
    "business_name": "The Container Store",
    "city": "Charlotte",
    "state": "North Carolina",
    "listing_url": "https://pottydirectory.com/north-carolina/charlotte/the-container-store",
    "phone": "+1 704-512-0260",
    "website": "https://www.containerstore.com/stores/nc/charlotte/4345-barclay-downs-dr%3Fcid%3Dns:maps:google:main-store:57-CHR"
  },
  {
    "email": "p_jouganatos@containerusa.com",
    "business_name": "The Container Store",
    "city": "Charlotte",
    "state": "North Carolina",
    "listing_url": "https://pottydirectory.com/north-carolina/charlotte/the-container-store",
    "phone": "+1 704-512-0260",
    "website": "https://www.containerstore.com/stores/nc/charlotte/4345-barclay-downs-dr%3Fcid%3Dns:maps:google:main-store:57-CHR"
  },
  {
    "email": "cgrrentalsllc@gmail.com",
    "business_name": "CGR Rentals, LLC",
    "city": "Unknown",
    "state": "North Carolina",
    "listing_url": "https://pottydirectory.com/north-carolina/unknown/cgr-rentals-llc",
    "phone": "+1 743-542-0265",
    "website": "https://www.rentcgr.com/"
  },
  {
    "email": "info@monarchmobilerestrooms.com",
    "business_name": "Monarch Mobile Restrooms",
    "city": "Lumberton",
    "state": "North Carolina",
    "listing_url": "https://pottydirectory.com/north-carolina/lumberton/monarch-mobile-restrooms",
    "phone": "+1 877-777-8027",
    "website": "http://www.monarchmobilerestrooms.com/"
  },
  {
    "email": "support@libertywastesolutions.com",
    "business_name": "Liberty Waste Solutions (Fayetteville Transfer Station)",
    "city": "Fayetteville",
    "state": "North Carolina",
    "listing_url": "https://pottydirectory.com/north-carolina/fayetteville/liberty-waste-solutions-fayetteville-transfer-station",
    "phone": "+1 919-582-7777",
    "website": "https://libertywastesolutions.com/locations/fayetteville/"
  },
  {
    "email": "office@libertywastesolutions.com",
    "business_name": "Liberty Waste Solutions (Fayetteville Transfer Station)",
    "city": "Fayetteville",
    "state": "North Carolina",
    "listing_url": "https://pottydirectory.com/north-carolina/fayetteville/liberty-waste-solutions-fayetteville-transfer-station",
    "phone": "+1 919-582-7777",
    "website": "https://libertywastesolutions.com/locations/fayetteville/"
  },
  {
    "email": "rmorris@libertywastesolutions.com",
    "business_name": "Liberty Waste Solutions (Fayetteville Transfer Station)",
    "city": "Fayetteville",
    "state": "North Carolina",
    "listing_url": "https://pottydirectory.com/north-carolina/fayetteville/liberty-waste-solutions-fayetteville-transfer-station",
    "phone": "+1 919-582-7777",
    "website": "https://libertywastesolutions.com/locations/fayetteville/"
  },
  {
    "email": "tripleaaatoilets@yahoo.com",
    "business_name": "Triple AAA Portable Toilets",
    "city": "Nakina",
    "state": "North Carolina",
    "listing_url": "https://pottydirectory.com/north-carolina/nakina/triple-aaa-portable-toilets",
    "phone": "+1 910-642-6417",
    "website": "https://www.tripleaaatoilets.com/"
  },
  {
    "email": "info@mobility-more.com",
    "business_name": "Mobility & More - Medical Equipment & Supplies",
    "city": "Charlotte",
    "state": "North Carolina",
    "listing_url": "https://pottydirectory.com/north-carolina/charlotte/mobility-more-medical-equipment-supplies",
    "phone": "+1 704-821-7777",
    "website": "http://www.shopmobility.com/"
  },
  {
    "email": "jay@mobility-more.com",
    "business_name": "Mobility & More - Medical Equipment & Supplies",
    "city": "Charlotte",
    "state": "North Carolina",
    "listing_url": "https://pottydirectory.com/north-carolina/charlotte/mobility-more-medical-equipment-supplies",
    "phone": "+1 704-821-7777",
    "website": "http://www.shopmobility.com/"
  },
  {
    "email": "doll153946@aol.com",
    "business_name": "Michael & Son Services",
    "city": "Charlotte",
    "state": "North Carolina",
    "listing_url": "https://pottydirectory.com/north-carolina/charlotte/michael-son-services",
    "phone": "+1 704-444-0562",
    "website": "https://www.michaelandson.com/charlotte%3Futm_source%3D%2520GMBlistingCharlotte%26utm_medium%3Dreferral"
  },
  {
    "email": "searching_for_peace@yahoo.com",
    "business_name": "Michael & Son Services",
    "city": "Charlotte",
    "state": "North Carolina",
    "listing_url": "https://pottydirectory.com/north-carolina/charlotte/michael-son-services",
    "phone": "+1 704-444-0562",
    "website": "https://www.michaelandson.com/charlotte%3Futm_source%3D%2520GMBlistingCharlotte%26utm_medium%3Dreferral"
  },
  {
    "email": "bonnie_gobble@chs.net",
    "business_name": "Michael & Son Services",
    "city": "Charlotte",
    "state": "North Carolina",
    "listing_url": "https://pottydirectory.com/north-carolina/charlotte/michael-son-services",
    "phone": "+1 704-444-0562",
    "website": "https://www.michaelandson.com/charlotte%3Futm_source%3D%2520GMBlistingCharlotte%26utm_medium%3Dreferral"
  },
  {
    "email": "jean.cordova@ferginc.com",
    "business_name": "Ferguson Plumbing Supply",
    "city": "Charlotte",
    "state": "North Carolina",
    "listing_url": "https://pottydirectory.com/north-carolina/charlotte/ferguson-plumbing-supply",
    "phone": "+1 704-597-4820",
    "website": "https://www.ferguson.com/store/nc/charlotte/plumbingpvf-0034%3Futm_source%3Dgoogle%26utm_medium%3Dorganic%26utm_campaign%3Drt_lis_listingtraffic%26utm_content%3Dlisting"
  },
  {
    "email": "tony.dahl@ferginc.com",
    "business_name": "Ferguson Plumbing Supply",
    "city": "Charlotte",
    "state": "North Carolina",
    "listing_url": "https://pottydirectory.com/north-carolina/charlotte/ferguson-plumbing-supply",
    "phone": "+1 704-597-4820",
    "website": "https://www.ferguson.com/store/nc/charlotte/plumbingpvf-0034%3Futm_source%3Dgoogle%26utm_medium%3Dorganic%26utm_campaign%3Drt_lis_listingtraffic%26utm_content%3Dlisting"
  },
  {
    "email": "ssmithson@libertyeq.com",
    "business_name": "Ferguson Plumbing Supply",
    "city": "Charlotte",
    "state": "North Carolina",
    "listing_url": "https://pottydirectory.com/north-carolina/charlotte/ferguson-plumbing-supply",
    "phone": "+1 704-597-4820",
    "website": "https://www.ferguson.com/store/nc/charlotte/plumbingpvf-0034%3Futm_source%3Dgoogle%26utm_medium%3Dorganic%26utm_campaign%3Drt_lis_listingtraffic%26utm_content%3Dlisting"
  },
  {
    "email": "kim@webact.com",
    "business_name": "Portable Outdoor Equipment",
    "city": "Durham",
    "state": "North Carolina",
    "listing_url": "https://pottydirectory.com/north-carolina/durham/portable-outdoor-equipment",
    "phone": "+1 919-471-1197",
    "website": "http://www.portableoutdoorequipmentnc.com/"
  },
  {
    "email": "portableaoutdoors@gmail.com",
    "business_name": "Portable Outdoor Equipment",
    "city": "Durham",
    "state": "North Carolina",
    "listing_url": "https://pottydirectory.com/north-carolina/durham/portable-outdoor-equipment",
    "phone": "+1 919-471-1197",
    "website": "http://www.portableoutdoorequipmentnc.com/"
  },
  {
    "email": "dispatch@arc-recycling.com",
    "business_name": "A-1 Service Group",
    "city": "Greensboro",
    "state": "North Carolina",
    "listing_url": "https://pottydirectory.com/north-carolina/greensboro/a-1-service-group",
    "phone": "+1 336-855-8195",
    "website": "https://www.a-1servicegroup.com/"
  },
  {
    "email": "ilockwood@a-1servicegroup.com",
    "business_name": "A-1 Service Group",
    "city": "Greensboro",
    "state": "North Carolina",
    "listing_url": "https://pottydirectory.com/north-carolina/greensboro/a-1-service-group",
    "phone": "+1 336-855-8195",
    "website": "https://www.a-1servicegroup.com/"
  },
  {
    "email": "networksystems@southdata.com",
    "business_name": "Cooke Rentals of King, NC",
    "city": "King",
    "state": "North Carolina",
    "listing_url": "https://pottydirectory.com/north-carolina/king/cooke-rentals-of-king-nc",
    "phone": "+1 336-985-8222",
    "website": "http://www.cookerentals.com/"
  },
  {
    "email": "monkenstein23@yahoo.com",
    "business_name": "Cooke Rentals of King, NC",
    "city": "King",
    "state": "North Carolina",
    "listing_url": "https://pottydirectory.com/north-carolina/king/cooke-rentals-of-king-nc",
    "phone": "+1 336-985-8222",
    "website": "http://www.cookerentals.com/"
  },
  {
    "email": "vmckeon@hotmail.com",
    "business_name": "Cooke Rentals of King, NC",
    "city": "King",
    "state": "North Carolina",
    "listing_url": "https://pottydirectory.com/north-carolina/king/cooke-rentals-of-king-nc",
    "phone": "+1 336-985-8222",
    "website": "http://www.cookerentals.com/"
  },
  {
    "email": "info@masterplumbersofnc.com",
    "business_name": "Master Plumbers Heating & Cooling",
    "city": "Greensboro",
    "state": "North Carolina",
    "listing_url": "https://pottydirectory.com/north-carolina/greensboro/master-plumbers-heating-cooling",
    "phone": "+1 336-676-5544",
    "website": "https://www.masterplumbersofnc.com/%3Futm_source%3Dgmb%26utm_medium%3Dorganic"
  },
  {
    "email": "bethany@masterplumbersofnc.com",
    "business_name": "Master Plumbers Heating & Cooling",
    "city": "Greensboro",
    "state": "North Carolina",
    "listing_url": "https://pottydirectory.com/north-carolina/greensboro/master-plumbers-heating-cooling",
    "phone": "+1 336-676-5544",
    "website": "https://www.masterplumbersofnc.com/%3Futm_source%3Dgmb%26utm_medium%3Dorganic"
  },
  {
    "email": "info@nachttoilets.com",
    "business_name": "Nacht Toilets",
    "city": "Winston-Salem",
    "state": "North Carolina",
    "listing_url": "https://pottydirectory.com/north-carolina/winston-salem/nacht-toilets",
    "phone": "+1 336-733-7396",
    "website": "https://nachttoilets.com/cities/winston-salem/"
  },
  {
    "email": "shortysseptic@gmail.com",
    "business_name": "Shortys Septic LLC",
    "city": "Rockingham",
    "state": "North Carolina",
    "listing_url": "https://pottydirectory.com/north-carolina/rockingham/shortys-septic-llc",
    "phone": "+1 910-995-9040",
    "website": "http://www.shortysseptic.com/"
  },
  {
    "email": "jlwh@earthlink.net",
    "business_name": "Jim's Liquid Waste Hauling LLC",
    "city": "Unknown",
    "state": "North Carolina",
    "listing_url": "https://pottydirectory.com/north-carolina/unknown/jim-s-liquid-waste-hauling-llc",
    "phone": "+1 252-830-1016",
    "website": "http://www.jimsliquidwaste.com/"
  },
  {
    "email": "jlwh88@gmail.com",
    "business_name": "Jim's Liquid Waste Hauling LLC",
    "city": "Unknown",
    "state": "North Carolina",
    "listing_url": "https://pottydirectory.com/north-carolina/unknown/jim-s-liquid-waste-hauling-llc",
    "phone": "+1 252-830-1016",
    "website": "http://www.jimsliquidwaste.com/"
  },
  {
    "email": "jonpinhorn.typedesign@gmail.com",
    "business_name": "Jeff's Portable Toilets",
    "city": "Robersonville",
    "state": "North Carolina",
    "listing_url": "https://pottydirectory.com/north-carolina/robersonville/jeff-s-portable-toilets",
    "phone": "+1 252-795-4782",
    "website": "http://jeffsportabletoiletsnc.com/"
  },
  {
    "email": "suncoast@redboxplus.com",
    "business_name": "redbox+ Dumpsters of Eastern NC",
    "city": "Unknown",
    "state": "North Carolina",
    "listing_url": "https://pottydirectory.com/north-carolina/unknown/redbox-dumpsters-of-eastern-nc",
    "phone": "+1 252-300-3322",
    "website": "https://www.redboxplus.com/eastern-nc/"
  },
  {
    "email": "info@redboxplus.com",
    "business_name": "redbox+ Dumpsters of Eastern NC",
    "city": "Unknown",
    "state": "North Carolina",
    "listing_url": "https://pottydirectory.com/north-carolina/unknown/redbox-dumpsters-of-eastern-nc",
    "phone": "+1 252-300-3322",
    "website": "https://www.redboxplus.com/eastern-nc/"
  },
  {
    "email": "jclair@redboxplus.com",
    "business_name": "redbox+ Dumpsters of Eastern NC",
    "city": "Unknown",
    "state": "North Carolina",
    "listing_url": "https://pottydirectory.com/north-carolina/unknown/redbox-dumpsters-of-eastern-nc",
    "phone": "+1 252-300-3322",
    "website": "https://www.redboxplus.com/eastern-nc/"
  },
  {
    "email": "astigma@astigmatic.com",
    "business_name": "Restrooms On The Go",
    "city": "Unknown",
    "state": "North Carolina",
    "listing_url": "https://pottydirectory.com/north-carolina/unknown/restrooms-on-the-go",
    "phone": "+1 984-310-9729",
    "website": "https://restroomsonthegousa.com/"
  },
  {
    "email": "restroomsonthego@gmail.com",
    "business_name": "Restrooms On The Go",
    "city": "Unknown",
    "state": "North Carolina",
    "listing_url": "https://pottydirectory.com/north-carolina/unknown/restrooms-on-the-go",
    "phone": "+1 984-310-9729",
    "website": "https://restroomsonthegousa.com/"
  },
  {
    "email": "sales@aceconstructioncontainers.com",
    "business_name": "Ace Construction Containers",
    "city": "Unknown",
    "state": "North Carolina",
    "listing_url": "https://pottydirectory.com/north-carolina/unknown/ace-construction-containers",
    "phone": "+1 252-999-6412",
    "website": "https://aceconstructioncontainers.com/greenville/"
  },
  {
    "email": "cas71@suddenlink.net",
    "business_name": "Craven Ag Services, Inc.",
    "city": "New Bern",
    "state": "North Carolina",
    "listing_url": "https://pottydirectory.com/north-carolina/new-bern/craven-ag-services-inc",
    "phone": "+1 252-633-5334",
    "website": "http://cravenag.com/"
  },
  {
    "email": "jmerryweather@cravenag.com",
    "business_name": "Craven Ag Services, Inc.",
    "city": "New Bern",
    "state": "North Carolina",
    "listing_url": "https://pottydirectory.com/north-carolina/new-bern/craven-ag-services-inc",
    "phone": "+1 252-633-5334",
    "website": "http://cravenag.com/"
  },
  {
    "email": "jene.dunham@cravenag.com",
    "business_name": "Craven Ag Services, Inc.",
    "city": "New Bern",
    "state": "North Carolina",
    "listing_url": "https://pottydirectory.com/north-carolina/new-bern/craven-ag-services-inc",
    "phone": "+1 252-633-5334",
    "website": "http://cravenag.com/"
  },
  {
    "email": "mmyers116@yahoo.com",
    "business_name": "Classic Party & Equipment Rentals",
    "city": "Ahoskie",
    "state": "North Carolina",
    "listing_url": "https://pottydirectory.com/north-carolina/ahoskie/classic-party-equipment-rentals",
    "phone": "+1 252-209-8400",
    "website": "https://classicrentalsnc.com/"
  },
  {
    "email": "sales@gladiatordumpsterrental.com",
    "business_name": "Gladiator Dumpster Rental",
    "city": "Unknown",
    "state": "North Carolina",
    "listing_url": "https://pottydirectory.com/north-carolina/unknown/gladiator-dumpster-rental",
    "phone": "+1 252-999-6931",
    "website": "https://gladiatordumpsterrental.com/greenville/"
  },
  {
    "email": "brian@oasisrestrooms.com",
    "business_name": "Oasis Restroom Trailers",
    "city": "Castle Hayne",
    "state": "North Carolina",
    "listing_url": "https://pottydirectory.com/north-carolina/castle-hayne/oasis-restroom-trailers",
    "phone": "+1 339-203-0523",
    "website": "https://www.oasisrestroomtrailersnc.com/"
  },
  {
    "email": "torrey@oasisrestrooms.com",
    "business_name": "Oasis Restroom Trailers",
    "city": "Castle Hayne",
    "state": "North Carolina",
    "listing_url": "https://pottydirectory.com/north-carolina/castle-hayne/oasis-restroom-trailers",
    "phone": "+1 339-203-0523",
    "website": "https://www.oasisrestroomtrailersnc.com/"
  },
  {
    "email": "erik@triadanalytics.com",
    "business_name": "Agri Supply of Greenville",
    "city": "Greenville",
    "state": "North Carolina",
    "listing_url": "https://pottydirectory.com/north-carolina/greenville/agri-supply-of-greenville",
    "phone": "+1 800-445-6814",
    "website": "https://www.agrisupply.com/retail-store-greenville-north-carolina/a/88/%3Futm_source%3Dgoogle%26utm_medium%3Dorganic%26utm_campaign%3DGMB"
  },
  {
    "email": "three_w@netzero.net",
    "business_name": "Agri Supply of Greenville",
    "city": "Greenville",
    "state": "North Carolina",
    "listing_url": "https://pottydirectory.com/north-carolina/greenville/agri-supply-of-greenville",
    "phone": "+1 800-445-6814",
    "website": "https://www.agrisupply.com/retail-store-greenville-north-carolina/a/88/%3Futm_source%3Dgoogle%26utm_medium%3Dorganic%26utm_campaign%3DGMB"
  },
  {
    "email": "adlowe@soloweonline.com",
    "business_name": "Agri Supply of Greenville",
    "city": "Greenville",
    "state": "North Carolina",
    "listing_url": "https://pottydirectory.com/north-carolina/greenville/agri-supply-of-greenville",
    "phone": "+1 800-445-6814",
    "website": "https://www.agrisupply.com/retail-store-greenville-north-carolina/a/88/%3Futm_source%3Dgoogle%26utm_medium%3Dorganic%26utm_campaign%3DGMB"
  },
  {
    "email": "r.butler@greensboromedicalsupplies.com",
    "business_name": "Greensboro Discount Medical Supply",
    "city": "Greensboro",
    "state": "North Carolina",
    "listing_url": "https://pottydirectory.com/north-carolina/greensboro/greensboro-discount-medical-supply",
    "phone": "+1 336-420-3943",
    "website": "http://www.greensboromedicalsupplies.com/"
  },
  {
    "email": "info@greensboromedicalsupplies.com",
    "business_name": "Greensboro Discount Medical Supply",
    "city": "Greensboro",
    "state": "North Carolina",
    "listing_url": "https://pottydirectory.com/north-carolina/greensboro/greensboro-discount-medical-supply",
    "phone": "+1 336-420-3943",
    "website": "http://www.greensboromedicalsupplies.com/"
  },
  {
    "email": "csi@cloudtrailz.com",
    "business_name": "CSI Bathware",
    "city": "Charlotte",
    "state": "North Carolina",
    "listing_url": "https://pottydirectory.com/north-carolina/charlotte/csi-bathware",
    "phone": "+1 704-843-9292",
    "website": "https://www.csibathware.com/"
  },
  {
    "email": "support@csibathware.com",
    "business_name": "CSI Bathware",
    "city": "Charlotte",
    "state": "North Carolina",
    "listing_url": "https://pottydirectory.com/north-carolina/charlotte/csi-bathware",
    "phone": "+1 704-843-9292",
    "website": "https://www.csibathware.com/"
  },
  {
    "email": "angelika.sander@mm-karton.com",
    "business_name": "MM Packaging Charlotte",
    "city": "Pineville",
    "state": "North Carolina",
    "listing_url": "https://pottydirectory.com/north-carolina/pineville/mm-packaging-charlotte",
    "phone": "+1 704-889-7262",
    "website": "http://www.mm-packaging.com/"
  },
  {
    "email": "aleja_manzano@hotmail.com",
    "business_name": "MM Packaging Charlotte",
    "city": "Pineville",
    "state": "North Carolina",
    "listing_url": "https://pottydirectory.com/north-carolina/pineville/mm-packaging-charlotte",
    "phone": "+1 704-889-7262",
    "website": "http://www.mm-packaging.com/"
  },
  {
    "email": "angelika.sander@mm-packaging.com",
    "business_name": "MM Packaging Charlotte",
    "city": "Pineville",
    "state": "North Carolina",
    "listing_url": "https://pottydirectory.com/north-carolina/pineville/mm-packaging-charlotte",
    "phone": "+1 704-889-7262",
    "website": "http://www.mm-packaging.com/"
  },
  {
    "email": "iane@capitalremodeling.com",
    "business_name": "Capital Remodeling Inc.",
    "city": "Charlotte",
    "state": "North Carolina",
    "listing_url": "https://pottydirectory.com/north-carolina/charlotte/capital-remodeling-inc",
    "phone": "+1 800-310-7154",
    "website": "https://www.capitalremodeling.com/%3Futm_source%3Dgmb%26utm_medium%3Dorganic"
  },
  {
    "email": "blastpowerwashing@verizon.net",
    "business_name": "Capital Remodeling Inc.",
    "city": "Charlotte",
    "state": "North Carolina",
    "listing_url": "https://pottydirectory.com/north-carolina/charlotte/capital-remodeling-inc",
    "phone": "+1 800-310-7154",
    "website": "https://www.capitalremodeling.com/%3Futm_source%3Dgmb%26utm_medium%3Dorganic"
  },
  {
    "email": "h.k.smith@hotmail.com",
    "business_name": "Capital Remodeling Inc.",
    "city": "Charlotte",
    "state": "North Carolina",
    "listing_url": "https://pottydirectory.com/north-carolina/charlotte/capital-remodeling-inc",
    "phone": "+1 800-310-7154",
    "website": "https://www.capitalremodeling.com/%3Futm_source%3Dgmb%26utm_medium%3Dorganic"
  },
  {
    "email": "melendymelissa@yahoo.com",
    "business_name": "Love's Travel Stop",
    "city": "Charlotte",
    "state": "North Carolina",
    "listing_url": "https://pottydirectory.com/north-carolina/charlotte/love-s-travel-stop",
    "phone": "+1 704-392-7511",
    "website": "https://www.loves.com/locations/714"
  },
  {
    "email": "billk@loves.com",
    "business_name": "Love's Travel Stop",
    "city": "Charlotte",
    "state": "North Carolina",
    "listing_url": "https://pottydirectory.com/north-carolina/charlotte/love-s-travel-stop",
    "phone": "+1 704-392-7511",
    "website": "https://www.loves.com/locations/714"
  },
  {
    "email": "randyh@loves.com",
    "business_name": "Love's Travel Stop",
    "city": "Charlotte",
    "state": "North Carolina",
    "listing_url": "https://pottydirectory.com/north-carolina/charlotte/love-s-travel-stop",
    "phone": "+1 704-392-7511",
    "website": "https://www.loves.com/locations/714"
  },
  {
    "email": "komfortair@serviceexperts.com",
    "business_name": "Komfort Air Service Experts",
    "city": "Charlotte",
    "state": "North Carolina",
    "listing_url": "https://pottydirectory.com/north-carolina/charlotte/komfort-air-service-experts",
    "phone": "+1 704-566-3678",
    "website": "https://www.komfortairexperts.com/%3Futm_source%3Dgoogle-business-profile%26utm_medium%3Dorganic%26utm_campaign%3Dbusiness-listing%26utm_content%3Dkomfortair"
  },
  {
    "email": "privacypolicyrequests@serviceexperts.com",
    "business_name": "Komfort Air Service Experts",
    "city": "Charlotte",
    "state": "North Carolina",
    "listing_url": "https://pottydirectory.com/north-carolina/charlotte/komfort-air-service-experts",
    "phone": "+1 704-566-3678",
    "website": "https://www.komfortairexperts.com/%3Futm_source%3Dgoogle-business-profile%26utm_medium%3Dorganic%26utm_campaign%3Dbusiness-listing%26utm_content%3Dkomfortair"
  },
  {
    "email": "jimmyfann@aol.com",
    "business_name": "Handi House Sales & Services LLC",
    "city": "Fayetteville",
    "state": "North Carolina",
    "listing_url": "https://pottydirectory.com/north-carolina/fayetteville/handi-house-sales-services-llc",
    "phone": "+1 910-822-6708",
    "website": "http://www.handihouses.com/"
  },
  {
    "email": "a.fann@handihouses.com",
    "business_name": "Handi House Sales & Services LLC",
    "city": "Fayetteville",
    "state": "North Carolina",
    "listing_url": "https://pottydirectory.com/north-carolina/fayetteville/handi-house-sales-services-llc",
    "phone": "+1 910-822-6708",
    "website": "http://www.handihouses.com/"
  },
  {
    "email": "fann@handihouses.com",
    "business_name": "Handi House Sales & Services LLC",
    "city": "Fayetteville",
    "state": "North Carolina",
    "listing_url": "https://pottydirectory.com/north-carolina/fayetteville/handi-house-sales-services-llc",
    "phone": "+1 910-822-6708",
    "website": "http://www.handihouses.com/"
  },
  {
    "email": "contact@tap-nc.com",
    "business_name": "TAP Barricade & Fencing Rentals",
    "city": "Newton Grove",
    "state": "North Carolina",
    "listing_url": "https://pottydirectory.com/north-carolina/newton-grove/tap-barricade-fencing-rentals",
    "phone": "+1 919-889-9699",
    "website": "https://www.tap-nc.com/%3Futm_source%3DGoogle%2BPlaces%26utm_medium%3DGMB%26utm_campaign%3DGMB%2BWebsite%2BButton"
  },
  {
    "email": "stephen@superiorhomesupplies.com",
    "business_name": "Superior Manufactured Home Parts & Supp",
    "city": "Fayetteville",
    "state": "North Carolina",
    "listing_url": "https://pottydirectory.com/north-carolina/fayetteville/superior-manufactured-home-parts-supp",
    "phone": "+1 910-424-2148",
    "website": "https://www.superiorhomesupply.com/"
  },
  {
    "email": "superiorhomesupplymarketing@gmail.com",
    "business_name": "Superior Manufactured Home Parts & Supp",
    "city": "Fayetteville",
    "state": "North Carolina",
    "listing_url": "https://pottydirectory.com/north-carolina/fayetteville/superior-manufactured-home-parts-supp",
    "phone": "+1 910-424-2148",
    "website": "https://www.superiorhomesupply.com/"
  },
  {
    "email": "info@superiorhomesupply.com",
    "business_name": "Superior Manufactured Home Parts & Supp",
    "city": "Fayetteville",
    "state": "North Carolina",
    "listing_url": "https://pottydirectory.com/north-carolina/fayetteville/superior-manufactured-home-parts-supp",
    "phone": "+1 910-424-2148",
    "website": "https://www.superiorhomesupply.com/"
  },
  {
    "email": "k.bragg@braggwasteservices.com",
    "business_name": "Bragg Waste Services Inc",
    "city": "Boiling Springs",
    "state": "South Carolina",
    "listing_url": "https://pottydirectory.com/south-carolina/boiling-springs/bragg-waste-services-inc",
    "phone": "+1 864-599-0350",
    "website": "https://www.braggwasteservices.com/"
  },
  {
    "email": "info@braggwasteservices.com",
    "business_name": "Bragg Waste Services Inc",
    "city": "Boiling Springs",
    "state": "South Carolina",
    "listing_url": "https://pottydirectory.com/south-carolina/boiling-springs/bragg-waste-services-inc",
    "phone": "+1 864-599-0350",
    "website": "https://www.braggwasteservices.com/"
  },
  {
    "email": "wwbylake@aol.com",
    "business_name": "Satellite Shelters, Inc.",
    "city": "Denver",
    "state": "North Carolina",
    "listing_url": "https://pottydirectory.com/north-carolina/denver/satellite-shelters-inc",
    "phone": "+1 704-271-5040",
    "website": "https://www.satelliteco.com/locations/charlotte-nc/"
  },
  {
    "email": "sbozaan@gmail.com",
    "business_name": "Satellite Shelters, Inc.",
    "city": "Denver",
    "state": "North Carolina",
    "listing_url": "https://pottydirectory.com/north-carolina/denver/satellite-shelters-inc",
    "phone": "+1 704-271-5040",
    "website": "https://www.satelliteco.com/locations/charlotte-nc/"
  },
  {
    "email": "tallyho2u@mchsi.com",
    "business_name": "Satellite Shelters, Inc.",
    "city": "Denver",
    "state": "North Carolina",
    "listing_url": "https://pottydirectory.com/north-carolina/denver/satellite-shelters-inc",
    "phone": "+1 704-271-5040",
    "website": "https://www.satelliteco.com/locations/charlotte-nc/"
  },
  {
    "email": "contact@dynamitedumpsters.com",
    "business_name": "Dynamite Dumpsters LLC",
    "city": "Fayetteville",
    "state": "North Carolina",
    "listing_url": "https://pottydirectory.com/north-carolina/fayetteville/dynamite-dumpsters-llc",
    "phone": "+1 910-900-0339",
    "website": "https://www.dynamitedumpstersllc.com/fayetteville/"
  },
  {
    "email": "aknight@silgancontainers.com",
    "business_name": "Silgan Containers LLC",
    "city": "Maxton",
    "state": "North Carolina",
    "listing_url": "https://pottydirectory.com/north-carolina/maxton/silgan-containers-llc",
    "phone": "+1 910-844-4141",
    "website": "https://www.silgancontainers.com/"
  },
  {
    "email": "tclements@silgancontainers.com",
    "business_name": "Silgan Containers LLC",
    "city": "Maxton",
    "state": "North Carolina",
    "listing_url": "https://pottydirectory.com/north-carolina/maxton/silgan-containers-llc",
    "phone": "+1 910-844-4141",
    "website": "https://www.silgancontainers.com/"
  },
  {
    "email": "t.synder@silgancontainers.org",
    "business_name": "Silgan Containers LLC",
    "city": "Maxton",
    "state": "North Carolina",
    "listing_url": "https://pottydirectory.com/north-carolina/maxton/silgan-containers-llc",
    "phone": "+1 910-844-4141",
    "website": "https://www.silgancontainers.com/"
  },
  {
    "email": "a1portajohns@gmail.com",
    "business_name": "A1 Porta Johns",
    "city": "Unknown",
    "state": "North Carolina",
    "listing_url": "https://pottydirectory.com/north-carolina/unknown/a1-porta-johns",
    "phone": "+1 724-557-2426",
    "website": "https://www.facebook.com/a1portajohns"
  },
  {
    "email": "nicole@frondudy.com",
    "business_name": "Foothills Restrooms On Dudy",
    "city": "Morganton",
    "state": "North Carolina",
    "listing_url": "https://pottydirectory.com/north-carolina/morganton/foothills-restrooms-on-dudy",
    "phone": "+1 828-214-5186",
    "website": "https://www.foothillsrestrooms.com/"
  },
  {
    "email": "service.amhs@raleigh.twcbc.com",
    "business_name": "American Supply & Air Products- Fayetteville, NC- Murchison Road",
    "city": "Fayetteville",
    "state": "North Carolina",
    "listing_url": "https://pottydirectory.com/north-carolina/fayetteville/american-supply-air-products-fayetteville-nc-murchison-road",
    "phone": "+1 910-482-4848",
    "website": "https://americansupplyandairproducts.com/"
  },
  {
    "email": "asapemail10@gmail.com",
    "business_name": "American Supply & Air Products- Fayetteville, NC- Murchison Road",
    "city": "Fayetteville",
    "state": "North Carolina",
    "listing_url": "https://pottydirectory.com/north-carolina/fayetteville/american-supply-air-products-fayetteville-nc-murchison-road",
    "phone": "+1 910-482-4848",
    "website": "https://americansupplyandairproducts.com/"
  },
  {
    "email": "asapmail09@gmail.com",
    "business_name": "American Supply & Air Products- Fayetteville, NC- Murchison Road",
    "city": "Fayetteville",
    "state": "North Carolina",
    "listing_url": "https://pottydirectory.com/north-carolina/fayetteville/american-supply-air-products-fayetteville-nc-murchison-road",
    "phone": "+1 910-482-4848",
    "website": "https://americansupplyandairproducts.com/"
  },
  {
    "email": "social@pilotflyingj.com",
    "business_name": "Pilot Travel Center",
    "city": "Kannapolis",
    "state": "North Carolina",
    "listing_url": "https://pottydirectory.com/north-carolina/kannapolis/pilot-travel-center",
    "phone": "+1 704-938-6800",
    "website": "https://locations.pilotflyingj.com/us/nc/kannapolis/2825-lane-st"
  },
  {
    "email": "travelcenter.631@pilottravelcenters.com",
    "business_name": "Pilot Travel Center",
    "city": "Kannapolis",
    "state": "North Carolina",
    "listing_url": "https://pottydirectory.com/north-carolina/kannapolis/pilot-travel-center",
    "phone": "+1 704-938-6800",
    "website": "https://locations.pilotflyingj.com/us/nc/kannapolis/2825-lane-st"
  },
  {
    "email": "travelcenter.335@pilottravelcenters.com",
    "business_name": "Pilot Travel Center",
    "city": "Kannapolis",
    "state": "North Carolina",
    "listing_url": "https://pottydirectory.com/north-carolina/kannapolis/pilot-travel-center",
    "phone": "+1 704-938-6800",
    "website": "https://locations.pilotflyingj.com/us/nc/kannapolis/2825-lane-st"
  },
  {
    "email": "thegunsmith@sportsmans.com",
    "business_name": "Sportsman's Warehouse",
    "city": "Greensboro",
    "state": "North Carolina",
    "listing_url": "https://pottydirectory.com/north-carolina/greensboro/sportsman-s-warehouse",
    "phone": "+1 336-419-1016",
    "website": "https://stores.sportsmans.com/sportsmans-warehouse/us/nc/greensboro/1305-bridford-parkway%3Fy_source%3D1_MTQ1MjMzNjMtNzE1LWxvY2F0aW9uLndlYnNpdGU%253D"
  },
  {
    "email": "246-storemanager@sportsmans.com",
    "business_name": "Sportsman's Warehouse",
    "city": "Greensboro",
    "state": "North Carolina",
    "listing_url": "https://pottydirectory.com/north-carolina/greensboro/sportsman-s-warehouse",
    "phone": "+1 336-419-1016",
    "website": "https://stores.sportsmans.com/sportsmans-warehouse/us/nc/greensboro/1305-bridford-parkway%3Fy_source%3D1_MTQ1MjMzNjMtNzE1LWxvY2F0aW9uLndlYnNpdGU%253D"
  },
  {
    "email": "103-storemanager@sportsmans.com",
    "business_name": "Sportsman's Warehouse",
    "city": "Greensboro",
    "state": "North Carolina",
    "listing_url": "https://pottydirectory.com/north-carolina/greensboro/sportsman-s-warehouse",
    "phone": "+1 336-419-1016",
    "website": "https://stores.sportsmans.com/sportsmans-warehouse/us/nc/greensboro/1305-bridford-parkway%3Fy_source%3D1_MTQ1MjMzNjMtNzE1LWxvY2F0aW9uLndlYnNpdGU%253D"
  },
  {
    "email": "jmorelli@alcide.com",
    "business_name": "Ecolab Kay",
    "city": "Greensboro",
    "state": "North Carolina",
    "listing_url": "https://pottydirectory.com/north-carolina/greensboro/ecolab-kay",
    "phone": "",
    "website": "https://www.ecolab.com/about/our-businesses/kay-chemical"
  },
  {
    "email": "ehill@alcide.com",
    "business_name": "Ecolab Kay",
    "city": "Greensboro",
    "state": "North Carolina",
    "listing_url": "https://pottydirectory.com/north-carolina/greensboro/ecolab-kay",
    "phone": "",
    "website": "https://www.ecolab.com/about/our-businesses/kay-chemical"
  },
  {
    "email": "john.r@alcide.com",
    "business_name": "Ecolab Kay",
    "city": "Greensboro",
    "state": "North Carolina",
    "listing_url": "https://pottydirectory.com/north-carolina/greensboro/ecolab-kay",
    "phone": "",
    "website": "https://www.ecolab.com/about/our-businesses/kay-chemical"
  },
  {
    "email": "info@a1dumpsterrentals.com",
    "business_name": "A1 Dumpster Rentals",
    "city": "Charlotte",
    "state": "North Carolina",
    "listing_url": "https://pottydirectory.com/north-carolina/charlotte/a1-dumpster-rentals",
    "phone": "+1 704-391-7030",
    "website": "https://www.a1dumpsterrentals.com/%3Fy_source%3D1_MjI1MzkwODMtNzE1LWxvY2F0aW9uLndlYnNpdGU%253D"
  },
  {
    "email": "a1dumpster@gmail.com",
    "business_name": "A1 Dumpster Rentals",
    "city": "Charlotte",
    "state": "North Carolina",
    "listing_url": "https://pottydirectory.com/north-carolina/charlotte/a1-dumpster-rentals",
    "phone": "+1 704-391-7030",
    "website": "https://www.a1dumpsterrentals.com/%3Fy_source%3D1_MjI1MzkwODMtNzE1LWxvY2F0aW9uLndlYnNpdGU%253D"
  },
  {
    "email": "a1dumpsterrental@gmail.com",
    "business_name": "A1 Dumpster Rentals",
    "city": "Charlotte",
    "state": "North Carolina",
    "listing_url": "https://pottydirectory.com/north-carolina/charlotte/a1-dumpster-rentals",
    "phone": "+1 704-391-7030",
    "website": "https://www.a1dumpsterrentals.com/%3Fy_source%3D1_MjI1MzkwODMtNzE1LWxvY2F0aW9uLndlYnNpdGU%253D"
  },
  {
    "email": "pridgensanitation@gmail.com",
    "business_name": "Pridgen Sanitation",
    "city": "Unknown",
    "state": "North Carolina",
    "listing_url": "https://pottydirectory.com/north-carolina/unknown/pridgen-sanitation",
    "phone": "+1 910-499-3768",
    "website": "http://www.pridgensanitation.com/"
  }
]