{
  "Alabama": ["Birmingham", "Montgomery", "Huntsville", "Mobile", "Tuscaloosa", "Hoover", "Dothan", "Auburn", "Decatur", "Madison", "Florence", "Gadsden", "Vestavia Hills", "Prattville", "Phenix City", "Alabaster", "Bessemer", "Enterprise", "Opelika", "Homewood"],
  "Alaska": ["Anchorage", "Fairbanks", "Juneau", "Sitka", "Ketchikan", "Wasilla", "Kenai", "Kodiak", "Bethel", "Palmer", "Homer", "Unalaska", "Barrow", "Soldotna", "Valdez", "Nome", "Kotzebue", "Seward", "Wrangell", "Dillingham"],
  "Arizona": ["Phoenix", "Tucson", "Mesa", "Chandler", "Scottsdale", "Glendale", "Gilbert", "Tempe", "Peoria", "Surprise", "Yuma", "Avondale", "Goodyear", "Flagstaff", "Buckeye", "Lake Havasu City", "Casa Grande", "Maricopa", "Sierra Vista", "Prescott"],
  "Arkansas": ["Little Rock", "Fort Smith", "Fayetteville", "Springdale", "Jonesboro", "North Little Rock", "Conway", "Rogers", "Pine Bluff", "Bentonville", "Hot Springs", "Benton", "Texarkana", "Sherwood", "Jacksonville", "Russellville", "Bella Vista", "West Memphis", "Paragould", "Cabot"],
  "California": ["Los Angeles", "San Diego", "San Jose", "San Francisco", "Fresno", "Sacramento", "Long Beach", "Oakland", "Bakersfield", "Anaheim", "Santa Ana", "Riverside", "Stockton", "Irvine", "Chula Vista", "Fremont", "San Bernardino", "Modesto", "Fontana", "Moreno Valley"],
  "Colorado": ["Denver", "Colorado Springs", "Aurora", "Fort Collins", "Lakewood", "Thornton", "Arvada", "Westminster", "Pueblo", "Centennial", "Boulder", "Greeley", "Longmont", "Loveland", "Grand Junction", "Broomfield", "Castle Rock", "Commerce City", "Parker", "Littleton"],
  "Connecticut": ["Bridgeport", "New Haven", "Stamford", "Hartford", "Waterbury", "Norwalk", "Danbury", "New Britain", "Bristol", "Meriden", "Milford", "West Haven", "Middletown", "Norwich", "Shelton", "Torrington", "New London", "Ansonia", "Derby", "Groton"],
  "Delaware": ["Wilmington", "Dover", "Newark", "Middletown", "Smyrna", "Milford", "Seaford", "Georgetown", "Elsmere", "New Castle", "Millsboro", "Laurel", "Harrington", "Camden", "Clayton", "Lewes", "Milton", "Selbyville", "Bridgeville", "Townsend"],
  "Florida": ["Jacksonville", "Miami", "Tampa", "Orlando", "St. Petersburg", "Hialeah", "Tallahassee", "Fort Lauderdale", "Port St. Lucie", "Cape Coral", "Pembroke Pines", "Hollywood", "Miramar", "Gainesville", "Coral Springs", "Miami Gardens", "Clearwater", "Palm Bay", "Pompano Beach", "West Palm Beach"],
  "Georgia": ["Atlanta", "Augusta", "Columbus", "Macon", "Savannah", "Athens", "Sandy Springs", "Roswell", "Johns Creek", "Albany", "Warner Robins", "Alpharetta", "Marietta", "Valdosta", "Smyrna", "Dunwoody", "Rome", "East Point", "Peachtree City", "Gainesville"],
  "Hawaii": ["Honolulu", "Pearl City", "Hilo", "Kailua", "Waipahu", "Kaneohe", "Mililani Town", "Kahului", "Ewa Gentry", "Mililani Mauka", "Kihei", "Makakilo", "Wahiawa", "Schofield Barracks", "Wailuku", "Kapolei", "Ewa Beach", "Royal Kunia", "Halawa", "Waimalu"],
  "Idaho": ["Boise", "Meridian", "Nampa", "Idaho Falls", "Pocatello", "Caldwell", "Coeur d'Alene", "Twin Falls", "Lewiston", "Post Falls", "Rexburg", "Moscow", "Eagle", "Kuna", "Ammon", "Chubbuck", "Mountain Home", "Jerome", "Blackfoot", "Garden City"],
  "Illinois": ["Chicago", "Aurora", "Rockford", "Joliet", "Naperville", "Springfield", "Peoria", "Elgin", "Waukegan", "Champaign", "Bloomington", "Decatur", "Evanston", "Des Plaines", "Berwyn", "Wheaton", "Belleville", "Elmhurst", "DeKalb", "Moline"],
  "Indiana": ["Indianapolis", "Fort Wayne", "Evansville", "South Bend", "Carmel", "Bloomington", "Fishers", "Hammond", "Gary", "Muncie", "Lafayette", "Terre Haute", "Kokomo", "Anderson", "Noblesville", "Greenwood", "Elkhart", "Mishawaka", "Lawrence", "Jeffersonville"],
  "Iowa": ["Des Moines", "Cedar Rapids", "Davenport", "Sioux City", "Iowa City", "Waterloo", "Ames", "West Des Moines", "Council Bluffs", "Ankeny", "Dubuque", "Urbandale", "Cedar Falls", "Marion", "Bettendorf", "Mason City", "Marshalltown", "Clinton", "Burlington", "Fort Dodge"],
  "Kansas": ["Wichita", "Overland Park", "Kansas City", "Olathe", "Topeka", "Lawrence", "Shawnee", "Manhattan", "Lenexa", "Salina", "Hutchinson", "Leavenworth", "Leawood", "Dodge City", "Garden City", "Emporia", "Derby", "Prairie Village", "Junction City", "Hays"],
  "Kentucky": ["Louisville", "Lexington", "Bowling Green", "Owensboro", "Covington", "Richmond", "Georgetown", "Florence", "Hopkinsville", "Nicholasville", "Elizabethtown", "Henderson", "Frankfort", "Jeffersontown", "Independence", "Paducah", "Radcliff", "Ashland", "Madisonville", "Murray"],
  "Louisiana": ["New Orleans", "Baton Rouge", "Shreveport", "Lafayette", "Lake Charles", "Kenner", "Bossier City", "Monroe", "Alexandria", "Houma", "Marrero", "New Iberia", "Laplace", "Slidell", "Central", "Ruston", "Sulphur", "Hammond", "Harvey", "Natchitoches"],
  "Maine": ["Portland", "Lewiston", "Bangor", "South Portland", "Auburn", "Biddeford", "Sanford", "Brunswick", "Saco", "Scarborough", "Westbrook", "Augusta", "Waterville", "Windham", "Gorham", "Kennebunk", "Falmouth", "Wells", "Orono", "Presque Isle"],
  "Maryland": ["Baltimore", "Frederick", "Rockville", "Gaithersburg", "Bowie", "Hagerstown", "Annapolis", "College Park", "Salisbury", "Laurel", "Greenbelt", "Cumberland", "Westminster", "Hyattsville", "Takoma Park", "Easton", "Elkton", "Aberdeen", "Havre de Grace", "Cambridge"],
  "Massachusetts": ["Boston", "Worcester", "Springfield", "Lowell", "Cambridge", "New Bedford", "Brockton", "Quincy", "Lynn", "Fall River", "Newton", "Lawrence", "Somerville", "Framingham", "Haverhill", "Waltham", "Malden", "Brookline", "Plymouth", "Medford"],
  "Michigan": ["Detroit", "Grand Rapids", "Warren", "Sterling Heights", "Ann Arbor", "Lansing", "Flint", "Dearborn", "Livonia", "Troy", "Westland", "Farmington Hills", "Kalamazoo", "Wyoming", "Southfield", "Rochester Hills", "Taylor", "Pontiac", "St. Clair Shores", "Royal Oak"],
  "Minnesota": ["Minneapolis", "Saint Paul", "Rochester", "Duluth", "Bloomington", "Brooklyn Park", "Plymouth", "St. Cloud", "Eagan", "Woodbury", "Maple Grove", "Eden Prairie", "Coon Rapids", "Burnsville", "Blaine", "Lakeville", "Minnetonka", "Apple Valley", "Edina", "St. Louis Park"],
  "Mississippi": ["Jackson", "Gulfport", "Southaven", "Hattiesburg", "Biloxi", "Meridian", "Tupelo", "Greenville", "Olive Branch", "Horn Lake", "Clinton", "Pearl", "Madison", "Starkville", "Vicksburg", "Columbus", "Pascagoula", "Brandon", "Oxford", "Gautier"],
  "Missouri": ["Kansas City", "St. Louis", "Springfield", "Columbia", "Independence", "Lee's Summit", "O'Fallon", "St. Joseph", "St. Charles", "St. Peters", "Blue Springs", "Florissant", "Joplin", "Chesterfield", "Jefferson City", "Cape Girardeau", "Wildwood", "University City", "Ballwin", "Raytown"],
  "Montana": ["Billings", "Missoula", "Great Falls", "Bozeman", "Butte", "Helena", "Kalispell", "Havre", "Anaconda", "Miles City", "Belgrade", "Livingston", "Laurel", "Whitefish", "Lewistown", "Sidney", "Glendive", "Columbia Falls", "Polson", "Hamilton"],
  "Nebraska": ["Omaha", "Lincoln", "Bellevue", "Grand Island", "Kearney", "Fremont", "Hastings", "Norfolk", "North Platte", "Columbus", "Papillion", "La Vista", "Scottsbluff", "South Sioux City", "Beatrice", "Lexington", "Alliance", "Gering", "Blair", "York"],
  "Nevada": ["Las Vegas", "Henderson", "Reno", "North Las Vegas", "Sparks", "Carson City", "Fernley", "Elko", "Mesquite", "Boulder City", "Fallon", "Winnemucca", "West Wendover", "Ely", "Yerington", "Carlin", "Lovelock", "Wells", "Caliente", "Tonopah"],
  "New Hampshire": ["Manchester", "Nashua", "Concord", "Derry", "Dover", "Rochester", "Salem", "Merrimack", "Hudson", "Londonderry", "Keene", "Bedford", "Portsmouth", "Goffstown", "Laconia", "Hampton", "Milford", "Durham", "Exeter", "Windham"],
  "New Jersey": ["Newark", "Jersey City", "Paterson", "Elizabeth", "Edison", "Woodbridge", "Lakewood", "Toms River", "Hamilton", "Trenton", "Clifton", "Camden", "Brick", "Cherry Hill", "Passaic", "Middletown", "Union City", "Old Bridge", "Gloucester Township", "East Orange"],
  "New Mexico": ["Albuquerque", "Las Cruces", "Rio Rancho", "Santa Fe", "Roswell", "Farmington", "Clovis", "Hobbs", "Alamogordo", "Carlsbad", "Gallup", "Deming", "Los Lunas", "Chaparral", "Sunland Park", "Las Vegas", "Portales", "Artesia", "Lovington", "Silver City"],
  "New York": ["New York City", "Buffalo", "Rochester", "Yonkers", "Syracuse", "Albany", "New Rochelle", "Mount Vernon", "Schenectady", "Utica", "White Plains", "Hempstead", "Troy", "Niagara Falls", "Binghamton", "Freeport", "Valley Stream", "Long Beach", "Spring Valley", "Rome"],
  "North Carolina": ["Charlotte", "Raleigh", "Greensboro", "Durham", "Winston-Salem", "Fayetteville", "Cary", "Wilmington", "High Point", "Greenville", "Asheville", "Concord", "Gastonia", "Jacksonville", "Chapel Hill", "Rocky Mount", "Burlington", "Huntersville", "Kannapolis", "Apex"],
  "North Dakota": ["Fargo", "Bismarck", "Grand Forks", "Minot", "West Fargo", "Williston", "Dickinson", "Mandan", "Jamestown", "Wahpeton", "Devils Lake", "Watford City", "Valley City", "Grafton", "Beulah", "Rugby", "Bottineau", "Hazen", "Lisbon", "Carrington"],
  "Ohio": ["Columbus", "Cleveland", "Cincinnati", "Toledo", "Akron", "Dayton", "Parma", "Canton", "Youngstown", "Lorain", "Hamilton", "Springfield", "Kettering", "Elyria", "Lakewood", "Cuyahoga Falls", "Middletown", "Euclid", "Newark", "Mansfield"],
  "Oklahoma": ["Oklahoma City", "Tulsa", "Norman", "Broken Arrow", "Lawton", "Edmond", "Moore", "Midwest City", "Enid", "Stillwater", "Muskogee", "Bartlesville", "Owasso", "Shawnee", "Ponca City", "Ardmore", "Duncan", "Del City", "Bixby", "Yukon"],
  "Oregon": ["Portland", "Eugene", "Salem", "Gresham", "Hillsboro", "Beaverton", "Bend", "Medford", "Springfield", "Corvallis", "Albany", "Tigard", "Lake Oswego", "Keizer", "Grants Pass", "Oregon City", "McMinnville", "Redmond", "Tualatin", "West Linn"],
  "Pennsylvania": ["Philadelphia", "Pittsburgh", "Allentown", "Reading", "Scranton", "Bethlehem", "Lancaster", "Harrisburg", "Altoona", "Erie", "York", "Wilkes-Barre", "Chester", "Williamsport", "Easton", "Lebanon", "Hazleton", "New Castle", "Johnstown", "McKeesport"],
  "Rhode Island": ["Providence", "Warwick", "Cranston", "Pawtucket", "East Providence", "Woonsocket", "Coventry", "Cumberland", "North Providence", "South Kingstown", "West Warwick", "Johnston", "North Kingstown", "Newport", "Bristol", "Westerly", "Smithfield", "Lincoln", "Central Falls", "Portsmouth"],
  "South Carolina": ["Charleston", "Columbia", "North Charleston", "Mount Pleasant", "Rock Hill", "Greenville", "Summerville", "Sumter", "Goose Creek", "Hilton Head Island", "Florence", "Spartanburg", "Myrtle Beach", "Aiken", "Anderson", "Mauldin", "Greer", "North Augusta", "Easley", "Simpsonville"],
  "South Dakota": ["Sioux Falls", "Rapid City", "Aberdeen", "Brookings", "Watertown", "Mitchell", "Yankton", "Pierre", "Huron", "Vermillion", "Spearfish", "Brandon", "Box Elder", "Sturgis", "Madison", "Belle Fourche", "Harrisburg", "Tea", "Dell Rapids", "Mobridge"],
  "Tennessee": ["Nashville", "Memphis", "Knoxville", "Chattanooga", "Clarksville", "Murfreesboro", "Franklin", "Jackson", "Johnson City", "Bartlett", "Hendersonville", "Kingsport", "Collierville", "Smyrna", "Cleveland", "Brentwood", "Germantown", "Columbia", "La Vergne", "Gallatin"],
  "Texas": ["Houston", "San Antonio", "Dallas", "Austin", "Fort Worth", "El Paso", "Arlington", "Corpus Christi", "Plano", "Laredo", "Lubbock", "Garland", "Irving", "Amarillo", "Grand Prairie", "Brownsville", "McKinney", "Frisco", "Pasadena", "Mesquite"],
  "Utah": ["Salt Lake City", "West Valley City", "Provo", "West Jordan", "Orem", "Sandy", "Ogden", "St. George", "Layton", "South Jordan", "Lehi", "Millcreek", "Taylorsville", "Logan", "Murray", "Draper", "Bountiful", "Riverton", "Spanish Fork", "Pleasant Grove"],
  "Vermont": ["Burlington", "South Burlington", "Rutland", "Barre", "Montpelier", "Winooski", "St. Albans", "Newport", "Vergennes", "Middlebury", "St. Johnsbury", "Bennington", "Brattleboro", "Milton", "Hartford", "Essex Junction", "Colchester", "Williston", "Shelburne", "Swanton"],
  "Virginia": ["Virginia Beach", "Norfolk", "Chesapeake", "Richmond", "Newport News", "Alexandria", "Hampton", "Roanoke", "Portsmouth", "Suffolk", "Lynchburg", "Harrisonburg", "Leesburg", "Charlottesville", "Danville", "Manassas", "Petersburg", "Fredericksburg", "Winchester", "Salem"],
  "Washington": ["Seattle", "Spokane", "Tacoma", "Vancouver", "Bellevue", "Kent", "Everett", "Renton", "Spokane Valley", "Federal Way", "Yakima", "Bellingham", "Kirkland", "Kennewick", "Auburn", "Pasco", "Marysville", "Lakewood", "Redmond", "Sammamish"],
  "West Virginia": ["Charleston", "Huntington", "Morgantown", "Parkersburg", "Wheeling", "Weirton", "Fairmont", "Martinsburg", "Beckley", "Clarksburg", "South Charleston", "St. Albans", "Vienna", "Bluefield", "Bridgeport", "Oak Hill", "Dunbar", "Elkins", "Nitro", "Hurricane"],
  "Wisconsin": ["Milwaukee", "Madison", "Green Bay", "Kenosha", "Racine", "Appleton", "Waukesha", "Eau Claire", "Oshkosh", "Janesville", "West Allis", "La Crosse", "Sheboygan", "Wauwatosa", "Fond du Lac", "New Berlin", "Wausau", "Brookfield", "Beloit", "Greenfield"],
  "Wyoming": ["Cheyenne", "Casper", "Laramie", "Gillette", "Rock Springs", "Sheridan", "Green River", "Evanston", "Riverton", "Jackson", "Cody", "Rawlins", "Lander", "Torrington", "Powell", "Douglas", "Worland", "Buffalo", "Wheatland", "Newcastle"]
}
